{"cameraMode":{"drawMode":0,"name":"Shaded","section":"Shading Mode"},"sceneLighting":true,"audioPlay":false,"sceneViewState":{"m_AlwaysRefresh":false,"showFog":true,"showSkybox":true,"showFlares":true,"showImageEffects":true,"showParticleSystems":true,"showVisualEffectGraphs":true,"m_FxEnabled":true},"in2DMode":false,"pivot":{"x":1.544152021408081,"y":-38.463443756103519,"z":-56.50630187988281},"rotation":{"x":-0.0033867007587105037,"y":-0.9559333324432373,"z":0.2928789258003235,"w":-0.006766469217836857},"size":39.42946243286133,"orthographic":false}